<?xml version="1.0" encoding="UTF-8"?>
<beans xmlns="http://www.springframework.org/schema/beans"
	xmlns:xsi="http://www.w3.org/2001/XMLSchema-instance"
	xmlns:integration="http://www.springframework.org/schema/integration"
	xmlns:p="http://www.springframework.org/schema/p"
	xmlns:c="http://www.springframework.org/schema/c"
	xsi:schemaLocation="http://www.springframework.org/schema/beans
           http://www.springframework.org/schema/beans/spring-beans-2.5.xsd
           http://www.springframework.org/schema/integration
           http://www.springframework.org/schema/integration/spring-integration-1.0.xsd">


	<bean class="com.springcore.ci.Dept" name="dref" c:Name="IT"/>
	<bean class = "com.springcore.ci.Employee" name="emp">
	<constructor-arg value="Adnan"></constructor-arg>
	<constructor-arg value="8767"></constructor-arg>
	<constructor-arg value="22"></constructor-arg>
	<constructor-arg ref="dref"></constructor-arg>
	<constructor-arg>
	<list>
	<value>Hyundai</value>
	<value>HUL</value>
	<value>ICICI</value>
	</list>
	</constructor-arg>
	</bean>
	
	
	<!--  For ambiguity problem -->
	<bean class = "com.springcore.ci.Addition" name="add">
	<constructor-arg value = "33" type="int"></constructor-arg>
		<constructor-arg value = "33" type="int"></constructor-arg>
	</bean>
	
</beans>